,Normal,Fire,Water,Electric,Grass,Ice,Fighting,Poison,Ground,Flying,Psychic,Bug,Rock,Ghost,Dragon,Dark,Steel,Fairy,IMMUNITIES (x0),QUARTER RESISTS (x0.25),HALF RESISTS (x0.5),NEUTRAL (x1),WEAK (x2),DOUBLE WEAK (x4)
Normal,1.0,1.0,1.0,1.0,1.0,1.0,2.0,1.0,1.0,1.0,1.0,1.0,1.0,0.0,1.0,1.0,1.0,1.0,Ghost,,,"Normal, Fire, Water, Electric, Grass, Ice, Poison, Ground, Flying, Psychic, Bug, Rock, Dragon, Dark, Steel, Fairy",Fighting,
Normal/Fire,1.0,0.5,2.0,1.0,0.5,0.5,2.0,1.0,2.0,1.0,1.0,0.5,2.0,0.0,1.0,1.0,0.5,0.5,Ghost,,"Fire, Grass, Ice, Bug, Steel, Fairy","Normal, Electric, Poison, Flying, Psychic, Dragon, Dark","Water, Fighting, Ground, Rock",
Normal/Water,1.0,0.5,0.5,2.0,2.0,0.5,2.0,1.0,1.0,1.0,1.0,1.0,1.0,0.0,1.0,1.0,0.5,1.0,Ghost,,"Fire, Water, Ice, Steel","Normal, Poison, Ground, Flying, Psychic, Bug, Rock, Dragon, Dark, Fairy","Electric, Grass, Fighting",
Normal/Electric,1.0,1.0,1.0,0.5,1.0,1.0,2.0,1.0,2.0,0.5,1.0,1.0,1.0,0.0,1.0,1.0,0.5,1.0,Ghost,,"Electric, Flying, Steel","Normal, Fire, Water, Grass, Ice, Poison, Psychic, Bug, Rock, Dragon, Dark, Fairy","Fighting, Ground",
Normal/Grass,1.0,2.0,0.5,0.5,0.5,2.0,2.0,2.0,0.5,2.0,1.0,2.0,1.0,0.0,1.0,1.0,1.0,1.0,Ghost,,"Water, Electric, Grass, Ground","Normal, Psychic, Rock, Dragon, Dark, Steel, Fairy","Fire, Ice, Fighting, Poison, Flying, Bug",
Normal/Ice,1.0,2.0,1.0,1.0,1.0,0.5,4.0,1.0,1.0,1.0,1.0,1.0,2.0,0.0,1.0,1.0,2.0,1.0,Ghost,,Ice,"Normal, Water, Electric, Grass, Poison, Ground, Flying, Psychic, Bug, Dragon, Dark, Fairy","Fire, Rock, Steel",Fighting
Normal/Fighting,1.0,1.0,1.0,1.0,1.0,1.0,2.0,1.0,1.0,2.0,2.0,0.5,0.5,0.0,1.0,0.5,1.0,2.0,Ghost,,"Bug, Rock, Dark","Normal, Fire, Water, Electric, Grass, Ice, Poison, Ground, Dragon, Steel","Fighting, Flying, Psychic, Fairy",
Normal/Poison,1.0,1.0,1.0,1.0,0.5,1.0,1.0,0.5,2.0,1.0,2.0,0.5,1.0,0.0,1.0,1.0,1.0,0.5,Ghost,,"Grass, Poison, Bug, Fairy","Normal, Fire, Water, Electric, Ice, Fighting, Flying, Rock, Dragon, Dark, Steel","Ground, Psychic",
Normal/Ground,1.0,1.0,2.0,0.0,2.0,2.0,2.0,0.5,1.0,1.0,1.0,1.0,0.5,0.0,1.0,1.0,1.0,1.0,"Electric, Ghost",,"Poison, Rock","Normal, Fire, Ground, Flying, Psychic, Bug, Dragon, Dark, Steel, Fairy","Water, Grass, Ice, Fighting",
Normal/Flying,1.0,1.0,1.0,2.0,0.5,2.0,1.0,1.0,0.0,1.0,1.0,0.5,2.0,0.0,1.0,1.0,1.0,1.0,"Ground, Ghost",,"Grass, Bug","Normal, Fire, Water, Fighting, Poison, Flying, Psychic, Dragon, Dark, Steel, Fairy","Electric, Ice, Rock",
Normal/Psychic,1.0,1.0,1.0,1.0,1.0,1.0,1.0,1.0,1.0,1.0,0.5,2.0,1.0,0.0,1.0,2.0,1.0,1.0,Ghost,,Psychic,"Normal, Fire, Water, Electric, Grass, Ice, Fighting, Poison, Ground, Flying, Rock, Dragon, Steel, Fairy","Bug, Dark",
Normal/Bug,1.0,2.0,1.0,1.0,0.5,1.0,1.0,1.0,0.5,2.0,1.0,1.0,2.0,0.0,1.0,1.0,1.0,1.0,Ghost,,"Grass, Ground","Normal, Water, Electric, Ice, Fighting, Poison, Psychic, Bug, Dragon, Dark, Steel, Fairy","Fire, Flying, Rock",
Normal/Rock,0.5,0.5,2.0,1.0,2.0,1.0,4.0,0.5,2.0,0.5,1.0,1.0,1.0,0.0,1.0,1.0,2.0,1.0,Ghost,,"Normal, Fire, Poison, Flying","Electric, Ice, Psychic, Bug, Rock, Dragon, Dark, Fairy","Water, Grass, Ground, Steel",Fighting
Normal/Ghost,0.0,1.0,1.0,1.0,1.0,1.0,0.0,0.5,1.0,1.0,1.0,0.5,1.0,0.0,1.0,2.0,1.0,1.0,"Normal, Fighting, Ghost",,"Poison, Bug","Fire, Water, Electric, Grass, Ice, Ground, Flying, Psychic, Rock, Dragon, Steel, Fairy",Dark,
Normal/Dragon,1.0,0.5,0.5,0.5,0.5,2.0,2.0,1.0,1.0,1.0,1.0,1.0,1.0,0.0,2.0,1.0,1.0,2.0,Ghost,,"Fire, Water, Electric, Grass","Normal, Poison, Ground, Flying, Psychic, Bug, Rock, Dark, Steel","Ice, Fighting, Dragon, Fairy",
Normal/Dark,1.0,1.0,1.0,1.0,1.0,1.0,4.0,1.0,1.0,1.0,0.0,2.0,1.0,0.0,1.0,0.5,1.0,2.0,"Psychic, Ghost",,Dark,"Normal, Fire, Water, Electric, Grass, Ice, Poison, Ground, Flying, Rock, Dragon, Steel","Bug, Fairy",Fighting
Normal/Steel,0.5,2.0,1.0,1.0,0.5,0.5,4.0,0.0,2.0,0.5,0.5,0.5,0.5,0.0,0.5,1.0,0.5,0.5,"Poison, Ghost",,"Normal, Grass, Ice, Flying, Psychic, Bug, Rock, Dragon, Steel, Fairy","Water, Electric, Dark","Fire, Ground",Fighting
Normal/Fairy,1.0,1.0,1.0,1.0,1.0,1.0,1.0,2.0,1.0,1.0,1.0,0.5,1.0,0.0,0.0,0.5,2.0,1.0,"Ghost, Dragon",,"Bug, Dark","Normal, Fire, Water, Electric, Grass, Ice, Fighting, Ground, Flying, Psychic, Rock, Fairy","Poison, Steel",
Fire,1.0,0.5,2.0,1.0,0.5,0.5,1.0,1.0,2.0,1.0,1.0,0.5,2.0,1.0,1.0,1.0,0.5,0.5,,,"Fire, Grass, Ice, Bug, Steel, Fairy","Normal, Electric, Fighting, Poison, Flying, Psychic, Ghost, Dragon, Dark","Water, Ground, Rock",
Fire/Water,1.0,0.25,1.0,2.0,1.0,0.25,1.0,1.0,2.0,1.0,1.0,0.5,2.0,1.0,1.0,1.0,0.25,0.5,,"Fire, Ice, Steel","Bug, Fairy","Normal, Water, Grass, Fighting, Poison, Flying, Psychic, Ghost, Dragon, Dark","Electric, Ground, Rock",
Fire/Electric,1.0,0.5,2.0,0.5,0.5,0.5,1.0,1.0,4.0,0.5,1.0,0.5,2.0,1.0,1.0,1.0,0.25,0.5,,Steel,"Fire, Electric, Grass, Ice, Flying, Bug, Fairy","Normal, Fighting, Poison, Psychic, Ghost, Dragon, Dark","Water, Rock",Ground
Fire/Grass,1.0,1.0,1.0,0.5,0.25,1.0,1.0,2.0,1.0,2.0,1.0,1.0,2.0,1.0,1.0,1.0,0.5,0.5,,Grass,"Electric, Steel, Fairy","Normal, Fire, Water, Ice, Fighting, Ground, Psychic, Bug, Ghost, Dragon, Dark","Poison, Flying, Rock",
Fire/Ice,1.0,1.0,2.0,1.0,0.5,0.25,2.0,1.0,2.0,1.0,1.0,0.5,4.0,1.0,1.0,1.0,1.0,0.5,,Ice,"Grass, Bug, Fairy","Normal, Fire, Electric, Poison, Flying, Psychic, Ghost, Dragon, Dark, Steel","Water, Fighting, Ground",Rock
Fire/Fighting,1.0,0.5,2.0,1.0,0.5,0.5,1.0,1.0,2.0,2.0,2.0,0.25,1.0,1.0,1.0,0.5,0.5,1.0,,Bug,"Fire, Grass, Ice, Dark, Steel","Normal, Electric, Fighting, Poison, Rock, Ghost, Dragon, Fairy","Water, Ground, Flying, Psychic",
Fire/Poison,1.0,0.5,2.0,1.0,0.25,0.5,0.5,0.5,4.0,1.0,2.0,0.25,2.0,1.0,1.0,1.0,0.5,0.25,,"Grass, Bug, Fairy","Fire, Ice, Fighting, Poison, Steel","Normal, Electric, Flying, Ghost, Dragon, Dark","Water, Psychic, Rock",Ground
Fire/Ground,1.0,0.5,4.0,0.0,1.0,1.0,1.0,0.5,2.0,1.0,1.0,0.5,1.0,1.0,1.0,1.0,0.5,0.5,Electric,,"Fire, Poison, Bug, Steel, Fairy","Normal, Grass, Ice, Fighting, Flying, Psychic, Rock, Ghost, Dragon, Dark",Ground,Water
Fire/Flying,1.0,0.5,2.0,2.0,0.25,1.0,0.5,1.0,0.0,1.0,1.0,0.25,4.0,1.0,1.0,1.0,0.5,0.5,Ground,"Grass, Bug","Fire, Fighting, Steel, Fairy","Normal, Ice, Poison, Flying, Psychic, Ghost, Dragon, Dark","Water, Electric",Rock
Fire/Psychic,1.0,0.5,2.0,1.0,0.5,0.5,0.5,1.0,2.0,1.0,0.5,1.0,2.0,2.0,1.0,2.0,0.5,0.5,,,"Fire, Grass, Ice, Fighting, Psychic, Steel, Fairy","Normal, Electric, Poison, Flying, Bug, Dragon","Water, Ground, Rock, Ghost, Dark",
Fire/Bug,1.0,1.0,2.0,1.0,0.25,0.5,0.5,1.0,1.0,2.0,1.0,0.5,4.0,1.0,1.0,1.0,0.5,0.5,,Grass,"Ice, Fighting, Bug, Steel, Fairy","Normal, Fire, Electric, Poison, Ground, Psychic, Ghost, Dragon, Dark","Water, Flying",Rock
Fire/Rock,0.5,0.25,4.0,1.0,1.0,0.5,2.0,0.5,4.0,0.5,1.0,0.5,2.0,1.0,1.0,1.0,1.0,0.5,,Fire,"Normal, Ice, Poison, Flying, Bug, Fairy","Electric, Grass, Psychic, Ghost, Dragon, Dark, Steel","Fighting, Rock","Water, Ground"
Fire/Ghost,0.0,0.5,2.0,1.0,0.5,0.5,0.0,0.5,2.0,1.0,1.0,0.25,2.0,2.0,1.0,2.0,0.5,0.5,"Normal, Fighting",Bug,"Fire, Grass, Ice, Poison, Steel, Fairy","Electric, Flying, Psychic, Dragon","Water, Ground, Rock, Ghost, Dark",
Fire/Dragon,1.0,0.25,1.0,0.5,0.25,1.0,1.0,1.0,2.0,1.0,1.0,0.5,2.0,1.0,2.0,1.0,0.5,1.0,,"Fire, Grass","Electric, Bug, Steel","Normal, Water, Ice, Fighting, Poison, Flying, Psychic, Ghost, Dark, Fairy","Ground, Rock, Dragon",
Fire/Dark,1.0,0.5,2.0,1.0,0.5,0.5,2.0,1.0,2.0,1.0,0.0,1.0,2.0,0.5,1.0,0.5,0.5,1.0,Psychic,,"Fire, Grass, Ice, Ghost, Dark, Steel","Normal, Electric, Poison, Flying, Bug, Dragon, Fairy","Water, Fighting, Ground, Rock",
Fire/Steel,0.5,1.0,2.0,1.0,0.25,0.25,2.0,0.0,4.0,0.5,0.5,0.25,1.0,1.0,0.5,1.0,0.25,0.25,Poison,"Grass, Ice, Bug, Steel, Fairy","Normal, Flying, Psychic, Dragon","Fire, Electric, Rock, Ghost, Dark","Water, Fighting",Ground
Fire/Fairy,1.0,0.5,2.0,1.0,0.5,0.5,0.5,2.0,2.0,1.0,1.0,0.25,2.0,1.0,0.0,0.5,1.0,0.5,Dragon,Bug,"Fire, Grass, Ice, Fighting, Dark, Fairy","Normal, Electric, Flying, Psychic, Ghost, Steel","Water, Poison, Ground, Rock",
Water,1.0,0.5,0.5,2.0,2.0,0.5,1.0,1.0,1.0,1.0,1.0,1.0,1.0,1.0,1.0,1.0,0.5,1.0,,,"Fire, Water, Ice, Steel","Normal, Fighting, Poison, Ground, Flying, Psychic, Bug, Rock, Ghost, Dragon, Dark, Fairy","Electric, Grass",
Water/Electric,1.0,0.5,0.5,1.0,2.0,0.5,1.0,1.0,2.0,0.5,1.0,1.0,1.0,1.0,1.0,1.0,0.25,1.0,,Steel,"Fire, Water, Ice, Flying","Normal, Electric, Fighting, Poison, Psychic, Bug, Rock, Ghost, Dragon, Dark, Fairy","Grass, Ground",
Water/Grass,1.0,1.0,0.25,1.0,1.0,1.0,1.0,2.0,0.5,2.0,1.0,2.0,1.0,1.0,1.0,1.0,0.5,1.0,,Water,"Ground, Steel","Normal, Fire, Electric, Grass, Ice, Fighting, Psychic, Rock, Ghost, Dragon, Dark, Fairy","Poison, Flying, Bug",
Water/Ice,1.0,1.0,0.5,2.0,2.0,0.25,2.0,1.0,1.0,1.0,1.0,1.0,2.0,1.0,1.0,1.0,1.0,1.0,,Ice,Water,"Normal, Fire, Poison, Ground, Flying, Psychic, Bug, Ghost, Dragon, Dark, Steel, Fairy","Electric, Grass, Fighting, Rock",
Water/Fighting,1.0,0.5,0.5,2.0,2.0,0.5,1.0,1.0,1.0,2.0,2.0,0.5,0.5,1.0,1.0,0.5,0.5,2.0,,,"Fire, Water, Ice, Bug, Rock, Dark, Steel","Normal, Fighting, Poison, Ground, Ghost, Dragon","Electric, Grass, Flying, Psychic, Fairy",
Water/Poison,1.0,0.5,0.5,2.0,1.0,0.5,0.5,0.5,2.0,1.0,2.0,0.5,1.0,1.0,1.0,1.0,0.5,0.5,,,"Fire, Water, Ice, Fighting, Poison, Bug, Steel, Fairy","Normal, Grass, Flying, Rock, Ghost, Dragon, Dark","Electric, Ground, Psychic",
Water/Ground,1.0,0.5,1.0,0.0,4.0,1.0,1.0,0.5,1.0,1.0,1.0,1.0,0.5,1.0,1.0,1.0,0.5,1.0,Electric,,"Fire, Poison, Rock, Steel","Normal, Water, Ice, Fighting, Ground, Flying, Psychic, Bug, Ghost, Dragon, Dark, Fairy",,Grass
Water/Flying,1.0,0.5,0.5,4.0,1.0,1.0,0.5,1.0,0.0,1.0,1.0,0.5,2.0,1.0,1.0,1.0,0.5,1.0,Ground,,"Fire, Water, Fighting, Bug, Steel","Normal, Grass, Ice, Poison, Flying, Psychic, Ghost, Dragon, Dark, Fairy",Rock,Electric
Water/Psychic,1.0,0.5,0.5,2.0,2.0,0.5,0.5,1.0,1.0,1.0,0.5,2.0,1.0,2.0,1.0,2.0,0.5,1.0,,,"Fire, Water, Ice, Fighting, Psychic, Steel","Normal, Poison, Ground, Flying, Rock, Dragon, Fairy","Electric, Grass, Bug, Ghost, Dark",
Water/Bug,1.0,1.0,0.5,2.0,1.0,0.5,0.5,1.0,0.5,2.0,1.0,1.0,2.0,1.0,1.0,1.0,0.5,1.0,,,"Water, Ice, Fighting, Ground, Steel","Normal, Fire, Grass, Poison, Psychic, Bug, Ghost, Dragon, Dark, Fairy","Electric, Flying, Rock",
Water/Rock,0.5,0.25,1.0,2.0,4.0,0.5,2.0,0.5,2.0,0.5,1.0,1.0,1.0,1.0,1.0,1.0,1.0,1.0,,Fire,"Normal, Ice, Poison, Flying","Water, Psychic, Bug, Rock, Ghost, Dragon, Dark, Steel, Fairy","Electric, Fighting, Ground",Grass
Water/Ghost,0.0,0.5,0.5,2.0,2.0,0.5,0.0,0.5,1.0,1.0,1.0,0.5,1.0,2.0,1.0,2.0,0.5,1.0,"Normal, Fighting",,"Fire, Water, Ice, Poison, Bug, Steel","Ground, Flying, Psychic, Rock, Dragon, Fairy","Electric, Grass, Ghost, Dark",
Water/Dragon,1.0,0.25,0.25,1.0,1.0,1.0,1.0,1.0,1.0,1.0,1.0,1.0,1.0,1.0,2.0,1.0,0.5,2.0,,"Fire, Water",Steel,"Normal, Electric, Grass, Ice, Fighting, Poison, Ground, Flying, Psychic, Bug, Rock, Ghost, Dark","Dragon, Fairy",
Water/Dark,1.0,0.5,0.5,2.0,2.0,0.5,2.0,1.0,1.0,1.0,0.0,2.0,1.0,0.5,1.0,0.5,0.5,2.0,Psychic,,"Fire, Water, Ice, Ghost, Dark, Steel","Normal, Poison, Ground, Flying, Rock, Dragon","Electric, Grass, Fighting, Bug, Fairy",
Water/Steel,0.5,1.0,0.5,2.0,1.0,0.25,2.0,0.0,2.0,0.5,0.5,0.5,0.5,1.0,0.5,1.0,0.25,0.5,Poison,"Ice, Steel","Normal, Water, Flying, Psychic, Bug, Rock, Dragon, Fairy","Fire, Grass, Ghost, Dark","Electric, Fighting, Ground",
Water/Fairy,1.0,0.5,0.5,2.0,2.0,0.5,0.5,2.0,1.0,1.0,1.0,0.5,1.0,1.0,0.0,0.5,1.0,1.0,Dragon,,"Fire, Water, Ice, Fighting, Bug, Dark","Normal, Ground, Flying, Psychic, Rock, Ghost, Steel, Fairy","Electric, Grass, Poison",
Electric,1.0,1.0,1.0,0.5,1.0,1.0,1.0,1.0,2.0,0.5,1.0,1.0,1.0,1.0,1.0,1.0,0.5,1.0,,,"Electric, Flying, Steel","Normal, Fire, Water, Grass, Ice, Fighting, Poison, Psychic, Bug, Rock, Ghost, Dragon, Dark, Fairy",Ground,
Electric/Grass,1.0,2.0,0.5,0.25,0.5,2.0,1.0,2.0,1.0,1.0,1.0,2.0,1.0,1.0,1.0,1.0,0.5,1.0,,Electric,"Water, Grass, Steel","Normal, Fighting, Ground, Flying, Psychic, Rock, Ghost, Dragon, Dark, Fairy","Fire, Ice, Poison, Bug",
Electric/Ice,1.0,2.0,1.0,0.5,1.0,0.5,2.0,1.0,2.0,0.5,1.0,1.0,2.0,1.0,1.0,1.0,1.0,1.0,,,"Electric, Ice, Flying","Normal, Water, Grass, Poison, Psychic, Bug, Ghost, Dragon, Dark, Steel, Fairy","Fire, Fighting, Ground, Rock",
Electric/Fighting,1.0,1.0,1.0,0.5,1.0,1.0,1.0,1.0,2.0,1.0,2.0,0.5,0.5,1.0,1.0,0.5,0.5,2.0,,,"Electric, Bug, Rock, Dark, Steel","Normal, Fire, Water, Grass, Ice, Fighting, Poison, Flying, Ghost, Dragon","Ground, Psychic, Fairy",
Electric/Poison,1.0,1.0,1.0,0.5,0.5,1.0,0.5,0.5,4.0,0.5,2.0,0.5,1.0,1.0,1.0,1.0,0.5,0.5,,,"Electric, Grass, Fighting, Poison, Flying, Bug, Steel, Fairy","Normal, Fire, Water, Ice, Rock, Ghost, Dragon, Dark",Psychic,Ground
Electric/Ground,1.0,1.0,2.0,0.0,2.0,2.0,1.0,0.5,2.0,0.5,1.0,1.0,0.5,1.0,1.0,1.0,0.5,1.0,Electric,,"Poison, Flying, Rock, Steel","Normal, Fire, Fighting, Psychic, Bug, Ghost, Dragon, Dark, Fairy","Water, Grass, Ice, Ground",
Electric/Flying,1.0,1.0,1.0,1.0,0.5,2.0,0.5,1.0,0.0,0.5,1.0,0.5,2.0,1.0,1.0,1.0,0.5,1.0,Ground,,"Grass, Fighting, Flying, Bug, Steel","Normal, Fire, Water, Electric, Poison, Psychic, Ghost, Dragon, Dark, Fairy","Ice, Rock",
Electric/Psychic,1.0,1.0,1.0,0.5,1.0,1.0,0.5,1.0,2.0,0.5,0.5,2.0,1.0,2.0,1.0,2.0,0.5,1.0,,,"Electric, Fighting, Flying, Psychic, Steel","Normal, Fire, Water, Grass, Ice, Poison, Rock, Dragon, Fairy","Ground, Bug, Ghost, Dark",
Electric/Bug,1.0,2.0,1.0,0.5,0.5,1.0,0.5,1.0,1.0,1.0,1.0,1.0,2.0,1.0,1.0,1.0,0.5,1.0,,,"Electric, Grass, Fighting, Steel","Normal, Water, Ice, Poison, Ground, Flying, Psychic, Bug, Ghost, Dragon, Dark, Fairy","Fire, Rock",
Electric/Rock,0.5,0.5,2.0,0.5,2.0,1.0,2.0,0.5,4.0,0.25,1.0,1.0,1.0,1.0,1.0,1.0,1.0,1.0,,Flying,"Normal, Fire, Electric, Poison","Ice, Psychic, Bug, Rock, Ghost, Dragon, Dark, Steel, Fairy","Water, Grass, Fighting",Ground
Electric/Ghost,0.0,1.0,1.0,0.5,1.0,1.0,0.0,0.5,2.0,0.5,1.0,0.5,1.0,2.0,1.0,2.0,0.5,1.0,"Normal, Fighting",,"Electric, Poison, Flying, Bug, Steel","Fire, Water, Grass, Ice, Psychic, Rock, Dragon, Fairy","Ground, Ghost, Dark",
Electric/Dragon,1.0,0.5,0.5,0.25,0.5,2.0,1.0,1.0,2.0,0.5,1.0,1.0,1.0,1.0,2.0,1.0,0.5,2.0,,Electric,"Fire, Water, Grass, Flying, Steel","Normal, Fighting, Poison, Psychic, Bug, Rock, Ghost, Dark","Ice, Ground, Dragon, Fairy",
Electric/Dark,1.0,1.0,1.0,0.5,1.0,1.0,2.0,1.0,2.0,0.5,0.0,2.0,1.0,0.5,1.0,0.5,0.5,2.0,Psychic,,"Electric, Flying, Ghost, Dark, Steel","Normal, Fire, Water, Grass, Ice, Poison, Rock, Dragon","Fighting, Ground, Bug, Fairy",
Electric/Steel,0.5,2.0,1.0,0.5,0.5,0.5,2.0,0.0,4.0,0.25,0.5,0.5,0.5,1.0,0.5,1.0,0.25,0.5,Poison,"Flying, Steel","Normal, Electric, Grass, Ice, Psychic, Bug, Rock, Dragon, Fairy","Water, Ghost, Dark","Fire, Fighting",Ground
Electric/Fairy,1.0,1.0,1.0,0.5,1.0,1.0,0.5,2.0,2.0,0.5,1.0,0.5,1.0,1.0,0.0,0.5,1.0,1.0,Dragon,,"Electric, Fighting, Flying, Bug, Dark","Normal, Fire, Water, Grass, Ice, Psychic, Rock, Ghost, Steel, Fairy","Poison, Ground",
Grass,1.0,2.0,0.5,0.5,0.5,2.0,1.0,2.0,0.5,2.0,1.0,2.0,1.0,1.0,1.0,1.0,1.0,1.0,,,"Water, Electric, Grass, Ground","Normal, Fighting, Psychic, Rock, Ghost, Dragon, Dark, Steel, Fairy","Fire, Ice, Poison, Flying, Bug",
Grass/Ice,1.0,4.0,0.5,0.5,0.5,1.0,2.0,2.0,0.5,2.0,1.0,2.0,2.0,1.0,1.0,1.0,2.0,1.0,,,"Water, Electric, Grass, Ground","Normal, Ice, Psychic, Ghost, Dragon, Dark, Fairy","Fighting, Poison, Flying, Bug, Rock, Steel",Fire
Grass/Fighting,1.0,2.0,0.5,0.5,0.5,2.0,1.0,2.0,0.5,4.0,2.0,1.0,0.5,1.0,1.0,0.5,1.0,2.0,,,"Water, Electric, Grass, Ground, Rock, Dark","Normal, Fighting, Bug, Ghost, Dragon, Steel","Fire, Ice, Poison, Psychic, Fairy",Flying
Grass/Poison,1.0,2.0,0.5,0.5,0.25,2.0,0.5,1.0,1.0,2.0,2.0,1.0,1.0,1.0,1.0,1.0,1.0,0.5,,Grass,"Water, Electric, Fighting, Fairy","Normal, Poison, Ground, Bug, Rock, Ghost, Dragon, Dark, Steel","Fire, Ice, Flying, Psychic",
Grass/Ground,1.0,2.0,1.0,0.0,1.0,4.0,1.0,1.0,0.5,2.0,1.0,2.0,0.5,1.0,1.0,1.0,1.0,1.0,Electric,,"Ground, Rock","Normal, Water, Grass, Fighting, Poison, Psychic, Ghost, Dragon, Dark, Steel, Fairy","Fire, Flying, Bug",Ice
Grass/Flying,1.0,2.0,0.5,1.0,0.25,4.0,0.5,2.0,0.0,2.0,1.0,1.0,2.0,1.0,1.0,1.0,1.0,1.0,Ground,Grass,"Water, Fighting","Normal, Electric, Psychic, Bug, Ghost, Dragon, Dark, Steel, Fairy","Fire, Poison, Flying, Rock",Ice
Grass/Psychic,1.0,2.0,0.5,0.5,0.5,2.0,0.5,2.0,0.5,2.0,0.5,4.0,1.0,2.0,1.0,2.0,1.0,1.0,,,"Water, Electric, Grass, Fighting, Ground, Psychic","Normal, Rock, Dragon, Steel, Fairy","Fire, Ice, Poison, Flying, Ghost, Dark",Bug
Grass/Bug,1.0,4.0,0.5,0.5,0.25,2.0,0.5,2.0,0.25,4.0,1.0,2.0,2.0,1.0,1.0,1.0,1.0,1.0,,"Grass, Ground","Water, Electric, Fighting","Normal, Psychic, Ghost, Dragon, Dark, Steel, Fairy","Ice, Poison, Bug, Rock","Fire, Flying"
Grass/Rock,0.5,1.0,1.0,0.5,1.0,2.0,2.0,1.0,1.0,1.0,1.0,2.0,1.0,1.0,1.0,1.0,2.0,1.0,,,"Normal, Electric","Fire, Water, Grass, Poison, Ground, Flying, Psychic, Rock, Ghost, Dragon, Dark, Fairy","Ice, Fighting, Bug, Steel",
Grass/Ghost,0.0,2.0,0.5,0.5,0.5,2.0,0.0,1.0,0.5,2.0,1.0,1.0,1.0,2.0,1.0,2.0,1.0,1.0,"Normal, Fighting",,"Water, Electric, Grass, Ground","Poison, Psychic, Bug, Rock, Dragon, Steel, Fairy","Fire, Ice, Flying, Ghost, Dark",
Grass/Dragon,1.0,1.0,0.25,0.25,0.25,4.0,1.0,2.0,0.5,2.0,1.0,2.0,1.0,1.0,2.0,1.0,1.0,2.0,,"Water, Electric, Grass",Ground,"Normal, Fire, Fighting, Psychic, Rock, Ghost, Dark, Steel","Poison, Flying, Bug, Dragon, Fairy",Ice
Grass/Dark,1.0,2.0,0.5,0.5,0.5,2.0,2.0,2.0,0.5,2.0,0.0,4.0,1.0,0.5,1.0,0.5,1.0,2.0,Psychic,,"Water, Electric, Grass, Ground, Ghost, Dark","Normal, Rock, Dragon, Steel","Fire, Ice, Fighting, Poison, Flying, Fairy",Bug
Grass/Steel,0.5,4.0,0.5,0.5,0.25,1.0,2.0,0.0,1.0,1.0,0.5,1.0,0.5,1.0,0.5,1.0,0.5,0.5,Poison,Grass,"Normal, Water, Electric, Psychic, Rock, Dragon, Steel, Fairy","Ice, Ground, Flying, Bug, Ghost, Dark",Fighting,Fire
Grass/Fairy,1.0,2.0,0.5,0.5,0.5,2.0,0.5,4.0,0.5,2.0,1.0,1.0,1.0,1.0,0.0,0.5,2.0,1.0,Dragon,,"Water, Electric, Grass, Fighting, Ground, Dark","Normal, Psychic, Bug, Rock, Ghost, Fairy","Fire, Ice, Flying, Steel",Poison
Ice,1.0,2.0,1.0,1.0,1.0,0.5,2.0,1.0,1.0,1.0,1.0,1.0,2.0,1.0,1.0,1.0,2.0,1.0,,,Ice,"Normal, Water, Electric, Grass, Poison, Ground, Flying, Psychic, Bug, Ghost, Dragon, Dark, Fairy","Fire, Fighting, Rock, Steel",
Ice/Fighting,1.0,2.0,1.0,1.0,1.0,0.5,2.0,1.0,1.0,2.0,2.0,0.5,1.0,1.0,1.0,0.5,2.0,2.0,,,"Ice, Bug, Dark","Normal, Water, Electric, Grass, Poison, Ground, Rock, Ghost, Dragon","Fire, Fighting, Flying, Psychic, Steel, Fairy",
Ice/Poison,1.0,2.0,1.0,1.0,0.5,0.5,1.0,0.5,2.0,1.0,2.0,0.5,2.0,1.0,1.0,1.0,2.0,0.5,,,"Grass, Ice, Poison, Bug, Fairy","Normal, Water, Electric, Fighting, Flying, Ghost, Dragon, Dark","Fire, Ground, Psychic, Rock, Steel",
Ice/Ground,1.0,2.0,2.0,0.0,2.0,1.0,2.0,0.5,1.0,1.0,1.0,1.0,1.0,1.0,1.0,1.0,2.0,1.0,Electric,,Poison,"Normal, Ice, Ground, Flying, Psychic, Bug, Rock, Ghost, Dragon, Dark, Fairy","Fire, Water, Grass, Fighting, Steel",
Ice/Flying,1.0,2.0,1.0,2.0,0.5,1.0,1.0,1.0,0.0,1.0,1.0,0.5,4.0,1.0,1.0,1.0,2.0,1.0,Ground,,"Grass, Bug","Normal, Water, Ice, Fighting, Poison, Flying, Psychic, Ghost, Dragon, Dark, Fairy","Fire, Electric, Steel",Rock
Ice/Psychic,1.0,2.0,1.0,1.0,1.0,0.5,1.0,1.0,1.0,1.0,0.5,2.0,2.0,2.0,1.0,2.0,2.0,1.0,,,"Ice, Psychic","Normal, Water, Electric, Grass, Fighting, Poison, Ground, Flying, Dragon, Fairy","Fire, Bug, Rock, Ghost, Dark, Steel",
Ice/Bug,1.0,4.0,1.0,1.0,0.5,0.5,1.0,1.0,0.5,2.0,1.0,1.0,4.0,1.0,1.0,1.0,2.0,1.0,,,"Grass, Ice, Ground","Normal, Water, Electric, Fighting, Poison, Psychic, Bug, Ghost, Dragon, Dark, Fairy","Flying, Steel","Fire, Rock"
Ice/Rock,0.5,1.0,2.0,1.0,2.0,0.5,4.0,0.5,2.0,0.5,1.0,1.0,2.0,1.0,1.0,1.0,4.0,1.0,,,"Normal, Ice, Poison, Flying","Fire, Electric, Psychic, Bug, Ghost, Dragon, Dark, Fairy","Water, Grass, Ground, Rock","Fighting, Steel"
Ice/Ghost,0.0,2.0,1.0,1.0,1.0,0.5,0.0,0.5,1.0,1.0,1.0,0.5,2.0,2.0,1.0,2.0,2.0,1.0,"Normal, Fighting",,"Ice, Poison, Bug","Water, Electric, Grass, Ground, Flying, Psychic, Dragon, Fairy","Fire, Rock, Ghost, Dark, Steel",
Ice/Dragon,1.0,1.0,0.5,0.5,0.5,1.0,2.0,1.0,1.0,1.0,1.0,1.0,2.0,1.0,2.0,1.0,2.0,2.0,,,"Water, Electric, Grass","Normal, Fire, Ice, Poison, Ground, Flying, Psychic, Bug, Ghost, Dark","Fighting, Rock, Dragon, Steel, Fairy",
Ice/Dark,1.0,2.0,1.0,1.0,1.0,0.5,4.0,1.0,1.0,1.0,0.0,2.0,2.0,0.5,1.0,0.5,2.0,2.0,Psychic,,"Ice, Ghost, Dark","Normal, Water, Electric, Grass, Poison, Ground, Flying, Dragon","Fire, Bug, Rock, Steel, Fairy",Fighting
Ice/Steel,0.5,4.0,1.0,1.0,0.5,0.25,4.0,0.0,2.0,0.5,0.5,0.5,1.0,1.0,0.5,1.0,1.0,0.5,Poison,Ice,"Normal, Grass, Flying, Psychic, Bug, Dragon, Fairy","Water, Electric, Rock, Ghost, Dark, Steel",Ground,"Fire, Fighting"
Ice/Fairy,1.0,2.0,1.0,1.0,1.0,0.5,1.0,2.0,1.0,1.0,1.0,0.5,2.0,1.0,0.0,0.5,4.0,1.0,Dragon,,"Ice, Bug, Dark","Normal, Water, Electric, Grass, Fighting, Ground, Flying, Psychic, Ghost, Fairy","Fire, Poison, Rock",Steel
Fighting,1.0,1.0,1.0,1.0,1.0,1.0,1.0,1.0,1.0,2.0,2.0,0.5,0.5,1.0,1.0,0.5,1.0,2.0,,,"Bug, Rock, Dark","Normal, Fire, Water, Electric, Grass, Ice, Fighting, Poison, Ground, Ghost, Dragon, Steel","Flying, Psychic, Fairy",
Fighting/Poison,1.0,1.0,1.0,1.0,0.5,1.0,0.5,0.5,2.0,2.0,4.0,0.25,0.5,1.0,1.0,0.5,1.0,1.0,,Bug,"Grass, Fighting, Poison, Rock, Dark","Normal, Fire, Water, Electric, Ice, Ghost, Dragon, Steel, Fairy","Ground, Flying",Psychic
Fighting/Ground,1.0,1.0,2.0,0.0,2.0,2.0,1.0,0.5,1.0,2.0,2.0,0.5,0.25,1.0,1.0,0.5,1.0,2.0,Electric,Rock,"Poison, Bug, Dark","Normal, Fire, Fighting, Ground, Ghost, Dragon, Steel","Water, Grass, Ice, Flying, Psychic, Fairy",
Fighting/Flying,1.0,1.0,1.0,2.0,0.5,2.0,0.5,1.0,0.0,2.0,2.0,0.25,1.0,1.0,1.0,0.5,1.0,2.0,Ground,Bug,"Grass, Fighting, Dark","Normal, Fire, Water, Poison, Rock, Ghost, Dragon, Steel","Electric, Ice, Flying, Psychic, Fairy",
Fighting/Psychic,1.0,1.0,1.0,1.0,1.0,1.0,0.5,1.0,1.0,2.0,1.0,1.0,0.5,2.0,1.0,1.0,1.0,2.0,,,"Fighting, Rock","Normal, Fire, Water, Electric, Grass, Ice, Poison, Ground, Psychic, Bug, Dragon, Dark, Steel","Flying, Ghost, Fairy",
Fighting/Bug,1.0,2.0,1.0,1.0,0.5,1.0,0.5,1.0,0.5,4.0,2.0,0.5,1.0,1.0,1.0,0.5,1.0,2.0,,,"Grass, Fighting, Ground, Bug, Dark","Normal, Water, Electric, Ice, Poison, Rock, Ghost, Dragon, Steel","Fire, Psychic, Fairy",Flying
Fighting/Rock,0.5,0.5,2.0,1.0,2.0,1.0,2.0,0.5,2.0,1.0,2.0,0.5,0.5,1.0,1.0,0.5,2.0,2.0,,,"Normal, Fire, Poison, Bug, Rock, Dark","Electric, Ice, Flying, Ghost, Dragon","Water, Grass, Fighting, Ground, Psychic, Steel, Fairy",
Fighting/Ghost,0.0,1.0,1.0,1.0,1.0,1.0,0.0,0.5,1.0,2.0,2.0,0.25,0.5,2.0,1.0,1.0,1.0,2.0,"Normal, Fighting",Bug,"Poison, Rock","Fire, Water, Electric, Grass, Ice, Ground, Dragon, Dark, Steel","Flying, Psychic, Ghost, Fairy",
Fighting/Dragon,1.0,0.5,0.5,0.5,0.5,2.0,1.0,1.0,1.0,2.0,2.0,0.5,0.5,1.0,2.0,0.5,1.0,4.0,,,"Fire, Water, Electric, Grass, Bug, Rock, Dark","Normal, Fighting, Poison, Ground, Ghost, Steel","Ice, Flying, Psychic, Dragon",Fairy
Fighting/Dark,1.0,1.0,1.0,1.0,1.0,1.0,2.0,1.0,1.0,2.0,0.0,1.0,0.5,0.5,1.0,0.25,1.0,4.0,Psychic,Dark,"Rock, Ghost","Normal, Fire, Water, Electric, Grass, Ice, Poison, Ground, Bug, Dragon, Steel","Fighting, Flying",Fairy
Fighting/Steel,0.5,2.0,1.0,1.0,0.5,0.5,2.0,0.0,2.0,1.0,1.0,0.25,0.25,1.0,0.5,0.5,0.5,1.0,Poison,"Bug, Rock","Normal, Grass, Ice, Dragon, Dark, Steel","Water, Electric, Flying, Psychic, Ghost, Fairy","Fire, Fighting, Ground",
Fighting/Fairy,1.0,1.0,1.0,1.0,1.0,1.0,0.5,2.0,1.0,2.0,2.0,0.25,0.5,1.0,0.0,0.25,2.0,2.0,Dragon,"Bug, Dark","Fighting, Rock","Normal, Fire, Water, Electric, Grass, Ice, Ground, Ghost","Poison, Flying, Psychic, Steel, Fairy",
Poison,1.0,1.0,1.0,1.0,0.5,1.0,0.5,0.5,2.0,1.0,2.0,0.5,1.0,1.0,1.0,1.0,1.0,0.5,,,"Grass, Fighting, Poison, Bug, Fairy","Normal, Fire, Water, Electric, Ice, Flying, Rock, Ghost, Dragon, Dark, Steel","Ground, Psychic",
Poison/Ground,1.0,1.0,2.0,0.0,1.0,2.0,0.5,0.25,2.0,1.0,2.0,0.5,0.5,1.0,1.0,1.0,1.0,0.5,Electric,Poison,"Fighting, Bug, Rock, Fairy","Normal, Fire, Grass, Flying, Ghost, Dragon, Dark, Steel","Water, Ice, Ground, Psychic",
Poison/Flying,1.0,1.0,1.0,2.0,0.25,2.0,0.25,0.5,0.0,1.0,2.0,0.25,2.0,1.0,1.0,1.0,1.0,0.5,Ground,"Grass, Fighting, Bug","Poison, Fairy","Normal, Fire, Water, Flying, Ghost, Dragon, Dark, Steel","Electric, Ice, Psychic, Rock",
Poison/Psychic,1.0,1.0,1.0,1.0,0.5,1.0,0.25,0.5,2.0,1.0,1.0,1.0,1.0,2.0,1.0,2.0,1.0,0.5,,Fighting,"Grass, Poison, Fairy","Normal, Fire, Water, Electric, Ice, Flying, Psychic, Bug, Rock, Dragon, Steel","Ground, Ghost, Dark",
Poison/Bug,1.0,2.0,1.0,1.0,0.25,1.0,0.25,0.5,1.0,2.0,2.0,0.5,2.0,1.0,1.0,1.0,1.0,0.5,,"Grass, Fighting","Poison, Bug, Fairy","Normal, Water, Electric, Ice, Ground, Ghost, Dragon, Dark, Steel","Fire, Flying, Psychic, Rock",
Poison/Rock,0.5,0.5,2.0,1.0,1.0,1.0,1.0,0.25,4.0,0.5,2.0,0.5,1.0,1.0,1.0,1.0,2.0,0.5,,Poison,"Normal, Fire, Flying, Bug, Fairy","Electric, Grass, Ice, Fighting, Rock, Ghost, Dragon, Dark","Water, Psychic, Steel",Ground
Poison/Ghost,0.0,1.0,1.0,1.0,0.5,1.0,0.0,0.25,2.0,1.0,2.0,0.25,1.0,2.0,1.0,2.0,1.0,0.5,"Normal, Fighting","Poison, Bug","Grass, Fairy","Fire, Water, Electric, Ice, Flying, Rock, Dragon, Steel","Ground, Psychic, Ghost, Dark",
Poison/Dragon,1.0,0.5,0.5,0.5,0.25,2.0,0.5,0.5,2.0,1.0,2.0,0.5,1.0,1.0,2.0,1.0,1.0,1.0,,Grass,"Fire, Water, Electric, Fighting, Poison, Bug","Normal, Flying, Rock, Ghost, Dark, Steel, Fairy","Ice, Ground, Psychic, Dragon",
Poison/Dark,1.0,1.0,1.0,1.0,0.5,1.0,1.0,0.5,2.0,1.0,0.0,1.0,1.0,0.5,1.0,0.5,1.0,1.0,Psychic,,"Grass, Poison, Ghost, Dark","Normal, Fire, Water, Electric, Ice, Fighting, Flying, Bug, Rock, Dragon, Steel, Fairy",Ground,
Poison/Steel,0.5,2.0,1.0,1.0,0.25,0.5,1.0,0.0,4.0,0.5,1.0,0.25,0.5,1.0,0.5,1.0,0.5,0.25,Poison,"Grass, Bug, Fairy","Normal, Ice, Flying, Rock, Dragon, Steel","Water, Electric, Fighting, Psychic, Ghost, Dark",Fire,Ground
Poison/Fairy,1.0,1.0,1.0,1.0,0.5,1.0,0.25,1.0,2.0,1.0,2.0,0.25,1.0,1.0,0.0,0.5,2.0,0.5,Dragon,"Fighting, Bug","Grass, Dark, Fairy","Normal, Fire, Water, Electric, Ice, Poison, Flying, Rock, Ghost","Ground, Psychic, Steel",
Ground,1.0,1.0,2.0,0.0,2.0,2.0,1.0,0.5,1.0,1.0,1.0,1.0,0.5,1.0,1.0,1.0,1.0,1.0,Electric,,"Poison, Rock","Normal, Fire, Fighting, Ground, Flying, Psychic, Bug, Ghost, Dragon, Dark, Steel, Fairy","Water, Grass, Ice",
Ground/Flying,1.0,1.0,2.0,0.0,1.0,4.0,0.5,0.5,0.0,1.0,1.0,0.5,1.0,1.0,1.0,1.0,1.0,1.0,"Electric, Ground",,"Fighting, Poison, Bug","Normal, Fire, Grass, Flying, Psychic, Rock, Ghost, Dragon, Dark, Steel, Fairy",Water,Ice
Ground/Psychic,1.0,1.0,2.0,0.0,2.0,2.0,0.5,0.5,1.0,1.0,0.5,2.0,0.5,2.0,1.0,2.0,1.0,1.0,Electric,,"Fighting, Poison, Psychic, Rock","Normal, Fire, Ground, Flying, Dragon, Steel, Fairy","Water, Grass, Ice, Bug, Ghost, Dark",
Ground/Bug,1.0,2.0,2.0,0.0,1.0,2.0,0.5,0.5,0.5,2.0,1.0,1.0,1.0,1.0,1.0,1.0,1.0,1.0,Electric,,"Fighting, Poison, Ground","Normal, Grass, Psychic, Bug, Rock, Ghost, Dragon, Dark, Steel, Fairy","Fire, Water, Ice, Flying",
Ground/Rock,0.5,0.5,4.0,0.0,4.0,2.0,2.0,0.25,2.0,0.5,1.0,1.0,0.5,1.0,1.0,1.0,2.0,1.0,Electric,Poison,"Normal, Fire, Flying, Rock","Psychic, Bug, Ghost, Dragon, Dark, Fairy","Ice, Fighting, Ground, Steel","Water, Grass"
Ground/Ghost,0.0,1.0,2.0,0.0,2.0,2.0,0.0,0.25,1.0,1.0,1.0,0.5,0.5,2.0,1.0,2.0,1.0,1.0,"Normal, Electric, Fighting",Poison,"Bug, Rock","Fire, Ground, Flying, Psychic, Dragon, Steel, Fairy","Water, Grass, Ice, Ghost, Dark",
Ground/Dragon,1.0,0.5,1.0,0.0,1.0,4.0,1.0,0.5,1.0,1.0,1.0,1.0,0.5,1.0,2.0,1.0,1.0,2.0,Electric,,"Fire, Poison, Rock","Normal, Water, Grass, Fighting, Ground, Flying, Psychic, Bug, Ghost, Dark, Steel","Dragon, Fairy",Ice
Ground/Dark,1.0,1.0,2.0,0.0,2.0,2.0,2.0,0.5,1.0,1.0,0.0,2.0,0.5,0.5,1.0,0.5,1.0,2.0,"Electric, Psychic",,"Poison, Rock, Ghost, Dark","Normal, Fire, Ground, Flying, Dragon, Steel","Water, Grass, Ice, Fighting, Bug, Fairy",
Ground/Steel,0.5,2.0,2.0,0.0,1.0,1.0,2.0,0.0,2.0,0.5,0.5,0.5,0.25,1.0,0.5,1.0,0.5,0.5,"Electric, Poison",Rock,"Normal, Flying, Psychic, Bug, Dragon, Steel, Fairy","Grass, Ice, Ghost, Dark","Fire, Water, Fighting, Ground",
Ground/Fairy,1.0,1.0,2.0,0.0,2.0,2.0,0.5,1.0,1.0,1.0,1.0,0.5,0.5,1.0,0.0,0.5,2.0,1.0,"Electric, Dragon",,"Fighting, Bug, Rock, Dark","Normal, Fire, Poison, Ground, Flying, Psychic, Ghost, Fairy","Water, Grass, Ice, Steel",
Flying,1.0,1.0,1.0,2.0,0.5,2.0,0.5,1.0,0.0,1.0,1.0,0.5,2.0,1.0,1.0,1.0,1.0,1.0,Ground,,"Grass, Fighting, Bug","Normal, Fire, Water, Poison, Flying, Psychic, Ghost, Dragon, Dark, Steel, Fairy","Electric, Ice, Rock",
Flying/Psychic,1.0,1.0,1.0,2.0,0.5,2.0,0.25,1.0,0.0,1.0,0.5,1.0,2.0,2.0,1.0,2.0,1.0,1.0,Ground,Fighting,"Grass, Psychic","Normal, Fire, Water, Poison, Flying, Bug, Dragon, Steel, Fairy","Electric, Ice, Rock, Ghost, Dark",
Flying/Bug,1.0,2.0,1.0,2.0,0.25,2.0,0.25,1.0,0.0,2.0,1.0,0.5,4.0,1.0,1.0,1.0,1.0,1.0,Ground,"Grass, Fighting",Bug,"Normal, Water, Poison, Psychic, Ghost, Dragon, Dark, Steel, Fairy","Fire, Electric, Ice, Flying",Rock
Flying/Rock,0.5,0.5,2.0,2.0,1.0,2.0,1.0,0.5,0.0,0.5,1.0,0.5,2.0,1.0,1.0,1.0,2.0,1.0,Ground,,"Normal, Fire, Poison, Flying, Bug","Grass, Fighting, Psychic, Ghost, Dragon, Dark, Fairy","Water, Electric, Ice, Rock, Steel",
Flying/Ghost,0.0,1.0,1.0,2.0,0.5,2.0,0.0,0.5,0.0,1.0,1.0,0.25,2.0,2.0,1.0,2.0,1.0,1.0,"Normal, Fighting, Ground",Bug,"Grass, Poison","Fire, Water, Flying, Psychic, Dragon, Steel, Fairy","Electric, Ice, Rock, Ghost, Dark",
Flying/Dragon,1.0,0.5,0.5,1.0,0.25,4.0,0.5,1.0,0.0,1.0,1.0,0.5,2.0,1.0,2.0,1.0,1.0,2.0,Ground,Grass,"Fire, Water, Fighting, Bug","Normal, Electric, Poison, Flying, Psychic, Ghost, Dark, Steel","Rock, Dragon, Fairy",Ice
Flying/Dark,1.0,1.0,1.0,2.0,0.5,2.0,1.0,1.0,0.0,1.0,0.0,1.0,2.0,0.5,1.0,0.5,1.0,2.0,"Ground, Psychic",,"Grass, Ghost, Dark","Normal, Fire, Water, Fighting, Poison, Flying, Bug, Dragon, Steel","Electric, Ice, Rock, Fairy",
Flying/Steel,0.5,2.0,1.0,2.0,0.25,1.0,1.0,0.0,0.0,0.5,0.5,0.25,1.0,1.0,0.5,1.0,0.5,0.5,"Poison, Ground","Grass, Bug","Normal, Flying, Psychic, Dragon, Steel, Fairy","Water, Ice, Fighting, Rock, Ghost, Dark","Fire, Electric",
Flying/Fairy,1.0,1.0,1.0,2.0,0.5,2.0,0.25,2.0,0.0,1.0,1.0,0.25,2.0,1.0,0.0,0.5,2.0,1.0,"Ground, Dragon","Fighting, Bug","Grass, Dark","Normal, Fire, Water, Flying, Psychic, Ghost, Fairy","Electric, Ice, Poison, Rock, Steel",
Psychic,1.0,1.0,1.0,1.0,1.0,1.0,0.5,1.0,1.0,1.0,0.5,2.0,1.0,2.0,1.0,2.0,1.0,1.0,,,"Fighting, Psychic","Normal, Fire, Water, Electric, Grass, Ice, Poison, Ground, Flying, Rock, Dragon, Steel, Fairy","Bug, Ghost, Dark",
Psychic/Bug,1.0,2.0,1.0,1.0,0.5,1.0,0.25,1.0,0.5,2.0,0.5,2.0,2.0,2.0,1.0,2.0,1.0,1.0,,Fighting,"Grass, Ground, Psychic","Normal, Water, Electric, Ice, Poison, Dragon, Steel, Fairy","Fire, Flying, Bug, Rock, Ghost, Dark",
Psychic/Rock,0.5,0.5,2.0,1.0,2.0,1.0,1.0,0.5,2.0,0.5,0.5,2.0,1.0,2.0,1.0,2.0,2.0,1.0,,,"Normal, Fire, Poison, Flying, Psychic","Electric, Ice, Fighting, Rock, Dragon, Fairy","Water, Grass, Ground, Bug, Ghost, Dark, Steel",
Psychic/Ghost,0.0,1.0,1.0,1.0,1.0,1.0,0.0,0.5,1.0,1.0,0.5,1.0,1.0,4.0,1.0,4.0,1.0,1.0,"Normal, Fighting",,"Poison, Psychic","Fire, Water, Electric, Grass, Ice, Ground, Flying, Bug, Rock, Dragon, Steel, Fairy",,"Ghost, Dark"
Psychic/Dragon,1.0,0.5,0.5,0.5,0.5,2.0,0.5,1.0,1.0,1.0,0.5,2.0,1.0,2.0,2.0,2.0,1.0,2.0,,,"Fire, Water, Electric, Grass, Fighting, Psychic","Normal, Poison, Ground, Flying, Rock, Steel","Ice, Bug, Ghost, Dragon, Dark, Fairy",
Psychic/Dark,1.0,1.0,1.0,1.0,1.0,1.0,1.0,1.0,1.0,1.0,0.0,4.0,1.0,1.0,1.0,1.0,1.0,2.0,Psychic,,,"Normal, Fire, Water, Electric, Grass, Ice, Fighting, Poison, Ground, Flying, Rock, Ghost, Dragon, Dark, Steel",Fairy,Bug
Psychic/Steel,0.5,2.0,1.0,1.0,0.5,0.5,1.0,0.0,2.0,0.5,0.25,1.0,0.5,2.0,0.5,2.0,0.5,0.5,Poison,Psychic,"Normal, Grass, Ice, Flying, Rock, Dragon, Steel, Fairy","Water, Electric, Fighting, Bug","Fire, Ground, Ghost, Dark",
Psychic/Fairy,1.0,1.0,1.0,1.0,1.0,1.0,0.25,2.0,1.0,1.0,0.5,1.0,1.0,2.0,0.0,1.0,2.0,1.0,Dragon,Fighting,Psychic,"Normal, Fire, Water, Electric, Grass, Ice, Ground, Flying, Bug, Rock, Dark, Fairy","Poison, Ghost, Steel",
Bug,1.0,2.0,1.0,1.0,0.5,1.0,0.5,1.0,0.5,2.0,1.0,1.0,2.0,1.0,1.0,1.0,1.0,1.0,,,"Grass, Fighting, Ground","Normal, Water, Electric, Ice, Poison, Psychic, Bug, Ghost, Dragon, Dark, Steel, Fairy","Fire, Flying, Rock",
Bug/Rock,0.5,1.0,2.0,1.0,1.0,1.0,1.0,0.5,1.0,1.0,1.0,1.0,2.0,1.0,1.0,1.0,2.0,1.0,,,"Normal, Poison","Fire, Electric, Grass, Ice, Fighting, Ground, Flying, Psychic, Bug, Ghost, Dragon, Dark, Fairy","Water, Rock, Steel",
Bug/Ghost,0.0,2.0,1.0,1.0,0.5,1.0,0.0,0.5,0.5,2.0,1.0,0.5,2.0,2.0,1.0,2.0,1.0,1.0,"Normal, Fighting",,"Grass, Poison, Ground, Bug","Water, Electric, Ice, Psychic, Dragon, Steel, Fairy","Fire, Flying, Rock, Ghost, Dark",
Bug/Dragon,1.0,1.0,0.5,0.5,0.25,2.0,0.5,1.0,0.5,2.0,1.0,1.0,2.0,1.0,2.0,1.0,1.0,2.0,,Grass,"Water, Electric, Fighting, Ground","Normal, Fire, Poison, Psychic, Bug, Ghost, Dark, Steel","Ice, Flying, Rock, Dragon, Fairy",
Bug/Dark,1.0,2.0,1.0,1.0,0.5,1.0,1.0,1.0,0.5,2.0,0.0,2.0,2.0,0.5,1.0,0.5,1.0,2.0,Psychic,,"Grass, Ground, Ghost, Dark","Normal, Water, Electric, Ice, Fighting, Poison, Dragon, Steel","Fire, Flying, Bug, Rock, Fairy",
Bug/Steel,0.5,4.0,1.0,1.0,0.25,0.5,1.0,0.0,1.0,1.0,0.5,0.5,1.0,1.0,0.5,1.0,0.5,0.5,Poison,Grass,"Normal, Ice, Psychic, Bug, Dragon, Steel, Fairy","Water, Electric, Fighting, Ground, Flying, Rock, Ghost, Dark",,Fire
Bug/Fairy,1.0,2.0,1.0,1.0,0.5,1.0,0.25,2.0,0.5,2.0,1.0,0.5,2.0,1.0,0.0,0.5,2.0,1.0,Dragon,Fighting,"Grass, Ground, Bug, Dark","Normal, Water, Electric, Ice, Psychic, Ghost, Fairy","Fire, Poison, Flying, Rock, Steel",
Rock,0.5,0.5,2.0,1.0,2.0,1.0,2.0,0.5,2.0,0.5,1.0,1.0,1.0,1.0,1.0,1.0,2.0,1.0,,,"Normal, Fire, Poison, Flying","Electric, Ice, Psychic, Bug, Rock, Ghost, Dragon, Dark, Fairy","Water, Grass, Fighting, Ground, Steel",
Rock/Ghost,0.0,0.5,2.0,1.0,2.0,1.0,0.0,0.25,2.0,0.5,1.0,0.5,1.0,2.0,1.0,2.0,2.0,1.0,"Normal, Fighting",Poison,"Fire, Flying, Bug","Electric, Ice, Psychic, Rock, Dragon, Fairy","Water, Grass, Ground, Ghost, Dark, Steel",
Rock/Dragon,0.5,0.25,1.0,0.5,1.0,2.0,2.0,0.5,2.0,0.5,1.0,1.0,1.0,1.0,2.0,1.0,2.0,2.0,,Fire,"Normal, Electric, Poison, Flying","Water, Grass, Psychic, Bug, Rock, Ghost, Dark","Ice, Fighting, Ground, Dragon, Steel, Fairy",
Rock/Dark,0.5,0.5,2.0,1.0,2.0,1.0,4.0,0.5,2.0,0.5,0.0,2.0,1.0,0.5,1.0,0.5,2.0,2.0,Psychic,,"Normal, Fire, Poison, Flying, Ghost, Dark","Electric, Ice, Rock, Dragon","Water, Grass, Ground, Bug, Steel, Fairy",Fighting
Rock/Steel,0.25,1.0,2.0,1.0,1.0,0.5,4.0,0.0,4.0,0.25,0.5,0.5,0.5,1.0,0.5,1.0,1.0,0.5,Poison,"Normal, Flying","Ice, Psychic, Bug, Rock, Dragon, Fairy","Fire, Electric, Grass, Ghost, Dark, Steel",Water,"Fighting, Ground"
Rock/Fairy,0.5,0.5,2.0,1.0,2.0,1.0,1.0,1.0,2.0,0.5,1.0,0.5,1.0,1.0,0.0,0.5,4.0,1.0,Dragon,,"Normal, Fire, Flying, Bug, Dark","Electric, Ice, Fighting, Poison, Psychic, Rock, Ghost, Fairy","Water, Grass, Ground",Steel
Ghost,0.0,1.0,1.0,1.0,1.0,1.0,0.0,0.5,1.0,1.0,1.0,0.5,1.0,2.0,1.0,2.0,1.0,1.0,"Normal, Fighting",,"Poison, Bug","Fire, Water, Electric, Grass, Ice, Ground, Flying, Psychic, Rock, Dragon, Steel, Fairy","Ghost, Dark",
Ghost/Dragon,0.0,0.5,0.5,0.5,0.5,2.0,0.0,0.5,1.0,1.0,1.0,0.5,1.0,2.0,2.0,2.0,1.0,2.0,"Normal, Fighting",,"Fire, Water, Electric, Grass, Poison, Bug","Ground, Flying, Psychic, Rock, Steel","Ice, Ghost, Dragon, Dark, Fairy",
Ghost/Dark,0.0,1.0,1.0,1.0,1.0,1.0,0.0,0.5,1.0,1.0,0.0,1.0,1.0,1.0,1.0,1.0,1.0,2.0,"Normal, Fighting, Psychic",,Poison,"Fire, Water, Electric, Grass, Ice, Ground, Flying, Bug, Rock, Ghost, Dragon, Dark, Steel",Fairy,
Ghost/Steel,0.0,2.0,1.0,1.0,0.5,0.5,0.0,0.0,2.0,0.5,0.5,0.25,0.5,2.0,0.5,2.0,0.5,0.5,"Normal, Fighting, Poison",Bug,"Grass, Ice, Flying, Psychic, Rock, Dragon, Steel, Fairy","Water, Electric","Fire, Ground, Ghost, Dark",
Ghost/Fairy,0.0,1.0,1.0,1.0,1.0,1.0,0.0,1.0,1.0,1.0,1.0,0.25,1.0,2.0,0.0,1.0,2.0,1.0,"Normal, Fighting, Dragon",Bug,,"Fire, Water, Electric, Grass, Ice, Poison, Ground, Flying, Psychic, Rock, Dark, Fairy","Ghost, Steel",
Dragon,1.0,0.5,0.5,0.5,0.5,2.0,1.0,1.0,1.0,1.0,1.0,1.0,1.0,1.0,2.0,1.0,1.0,2.0,,,"Fire, Water, Electric, Grass","Normal, Fighting, Poison, Ground, Flying, Psychic, Bug, Rock, Ghost, Dark, Steel","Ice, Dragon, Fairy",
Dragon/Dark,1.0,0.5,0.5,0.5,0.5,2.0,2.0,1.0,1.0,1.0,0.0,2.0,1.0,0.5,2.0,0.5,1.0,4.0,Psychic,,"Fire, Water, Electric, Grass, Ghost, Dark","Normal, Poison, Ground, Flying, Rock, Steel","Ice, Fighting, Bug, Dragon",Fairy
Dragon/Steel,0.5,1.0,0.5,0.5,0.25,1.0,2.0,0.0,2.0,0.5,0.5,0.5,0.5,1.0,1.0,1.0,0.5,1.0,Poison,Grass,"Normal, Water, Electric, Flying, Psychic, Bug, Rock, Steel","Fire, Ice, Ghost, Dragon, Dark, Fairy","Fighting, Ground",
Dragon/Fairy,1.0,0.5,0.5,0.5,0.5,2.0,0.5,2.0,1.0,1.0,1.0,0.5,1.0,1.0,0.0,0.5,2.0,2.0,Dragon,,"Fire, Water, Electric, Grass, Fighting, Bug, Dark","Normal, Ground, Flying, Psychic, Rock, Ghost","Ice, Poison, Steel, Fairy",
Dark,1.0,1.0,1.0,1.0,1.0,1.0,2.0,1.0,1.0,1.0,0.0,2.0,1.0,0.5,1.0,0.5,1.0,2.0,Psychic,,"Ghost, Dark","Normal, Fire, Water, Electric, Grass, Ice, Poison, Ground, Flying, Rock, Dragon, Steel","Fighting, Bug, Fairy",
Dark/Steel,0.5,2.0,1.0,1.0,0.5,0.5,4.0,0.0,2.0,0.5,0.0,1.0,0.5,0.5,0.5,0.5,0.5,1.0,"Poison, Psychic",,"Normal, Grass, Ice, Flying, Rock, Ghost, Dragon, Dark, Steel","Water, Electric, Bug, Fairy","Fire, Ground",Fighting
Dark/Fairy,1.0,1.0,1.0,1.0,1.0,1.0,1.0,2.0,1.0,1.0,0.0,1.0,1.0,0.5,0.0,0.25,2.0,2.0,"Psychic, Dragon",Dark,Ghost,"Normal, Fire, Water, Electric, Grass, Ice, Fighting, Ground, Flying, Bug, Rock","Poison, Steel, Fairy",
Steel,0.5,2.0,1.0,1.0,0.5,0.5,2.0,0.0,2.0,0.5,0.5,0.5,0.5,1.0,0.5,1.0,0.5,0.5,Poison,,"Normal, Grass, Ice, Flying, Psychic, Bug, Rock, Dragon, Steel, Fairy","Water, Electric, Ghost, Dark","Fire, Fighting, Ground",
Steel/Fairy,0.5,2.0,1.0,1.0,0.5,0.5,1.0,0.0,2.0,0.5,0.5,0.25,0.5,1.0,0.0,0.5,1.0,0.5,"Poison, Dragon",Bug,"Normal, Grass, Ice, Flying, Psychic, Rock, Dark, Fairy","Water, Electric, Fighting, Ghost, Steel","Fire, Ground",
Fairy,1.0,1.0,1.0,1.0,1.0,1.0,0.5,2.0,1.0,1.0,1.0,0.5,1.0,1.0,0.0,0.5,2.0,1.0,Dragon,,"Fighting, Bug, Dark","Normal, Fire, Water, Electric, Grass, Ice, Ground, Flying, Psychic, Rock, Ghost, Fairy","Poison, Steel",
